{"P":10.0,"I":10,"J":4,"Bandwidth":[5,15,25,35,45,55,65,75,85,95],"Noise":[0.0000021,0.00000223,0.00000223,0.00000242,0.00000234,0.00000232,0.00000276,0.00000298,0.0000025,0.00000209],"ell":[2300,2380,2360,2320.7]}